{"Successful Request": 100, "slowest": 0.29857076900043467, "fastest": 0.1189635829996405, "total_time": 2.0571223740007554, "requests_per_minute": 2917, "requests_per_second": 49}